DISPATCHR_ID,INSPECT_DATE,TRIM_DATE
567a8074d45c85303a36bf07,Wed May 18 2016 17:22:49 GMT+0000 (UTC),Tue Jun 07 2016 23:31:59 GMT+0000 (UTC)
567a8074d45c85303a36bf07,Wed May 18 2016 17:22:49 GMT+0000 (UTC),Tue Jun 07 2016 23:31:59 GMT+0000 (UTC)
567a8074d45c85303a36bf07,Tue May 31 2016 15:46:27 GMT+0000 (UTC),Tue Jun 07 2016 23:31:59 GMT+0000 (UTC)
567b06e7d45c85303a3796ef,Mon May 16 2016 21:36:47 GMT+0000 (UTC),Mon May 16 2016 21:36:49 GMT+0000 (UTC)
567b06e8d45c85303a379711,Mon May 16 2016 21:37:12 GMT+0000 (UTC),Mon May 16 2016 21:37:15 GMT+0000 (UTC)
568465ddd9bfa5c61e03c751,Fri May 06 2016 18:37:12 GMT+0000 (UTC),Tue Jun 14 2016 20:12:37 GMT+0000 (UTC)
568465ddd9bfa5c61e03c75e,Fri May 06 2016 18:37:29 GMT+0000 (UTC),Tue Jun 14 2016 20:23:11 GMT+0000 (UTC)
568465dfd9bfa5c61e03c788,Fri May 06 2016 18:48:54 GMT+0000 (UTC),Tue Jun 14 2016 21:33:50 GMT+0000 (UTC)
56a60f9d5bf617f23a5afd80,Wed May 11 2016 20:17:17 GMT+0000 (UTC),Fri Jun 17 2016 17:18:12 GMT+0000 (UTC)
56a60f9d5bf617f23a5afd80,Wed May 11 2016 22:11:02 GMT+0000 (UTC),Fri Jun 17 2016 17:18:12 GMT+0000 (UTC)
56a60f9d5bf617f23a5afd80,Fri May 13 2016 19:31:39 GMT+0000 (UTC),Fri Jun 17 2016 17:18:12 GMT+0000 (UTC)
56a60f9d5bf617f23a5afd80,Tue May 17 2016 21:52:28 GMT+0000 (UTC),Fri Jun 17 2016 17:18:12 GMT+0000 (UTC)
56a60f9d5bf617f23a5afd82,Wed May 11 2016 20:18:05 GMT+0000 (UTC),Fri Jun 17 2016 17:18:17 GMT+0000 (UTC)
56a60f9d5bf617f23a5afd82,Wed May 11 2016 22:12:10 GMT+0000 (UTC),Fri Jun 17 2016 17:18:17 GMT+0000 (UTC)
56a60f9d5bf617f23a5afd82,Fri May 13 2016 19:31:48 GMT+0000 (UTC),Fri Jun 17 2016 17:18:17 GMT+0000 (UTC)
56a60f9d5bf617f23a5afd82,Tue May 17 2016 21:52:38 GMT+0000 (UTC),Fri Jun 17 2016 17:18:17 GMT+0000 (UTC)
56a60f9e5bf617f23a5afd92,Wed May 11 2016 20:52:52 GMT+0000 (UTC),Fri Jun 17 2016 17:17:28 GMT+0000 (UTC)
56a60f9e5bf617f23a5afd92,Wed May 11 2016 22:03:56 GMT+0000 (UTC),Fri Jun 17 2016 17:17:28 GMT+0000 (UTC)
56a60f9e5bf617f23a5afd92,Fri May 13 2016 19:30:45 GMT+0000 (UTC),Fri Jun 17 2016 17:17:28 GMT+0000 (UTC)
56a60f9e5bf617f23a5afd92,Tue May 17 2016 21:53:49 GMT+0000 (UTC),Fri Jun 17 2016 17:17:28 GMT+0000 (UTC)
56a60f9e5bf617f23a5afda9,Wed May 11 2016 20:49:41 GMT+0000 (UTC),Fri Jun 17 2016 17:17:32 GMT+0000 (UTC)
56a60f9e5bf617f23a5afda9,Wed May 11 2016 22:05:23 GMT+0000 (UTC),Fri Jun 17 2016 17:17:32 GMT+0000 (UTC)
56a60f9e5bf617f23a5afda9,Fri May 13 2016 19:30:55 GMT+0000 (UTC),Fri Jun 17 2016 17:17:32 GMT+0000 (UTC)
56a60f9e5bf617f23a5afda9,Tue May 17 2016 21:54:30 GMT+0000 (UTC),Fri Jun 17 2016 17:17:32 GMT+0000 (UTC)
56a60f9f5bf617f23a5afdae,Wed May 11 2016 20:50:31 GMT+0000 (UTC),Fri Jun 17 2016 17:17:37 GMT+0000 (UTC)
56a60f9f5bf617f23a5afdae,Wed May 11 2016 22:06:29 GMT+0000 (UTC),Fri Jun 17 2016 17:17:37 GMT+0000 (UTC)
56a60f9f5bf617f23a5afdae,Fri May 13 2016 19:31:05 GMT+0000 (UTC),Fri Jun 17 2016 17:17:37 GMT+0000 (UTC)
56a60f9f5bf617f23a5afdae,Tue May 17 2016 21:54:43 GMT+0000 (UTC),Fri Jun 17 2016 17:17:37 GMT+0000 (UTC)
56a60f9f5bf617f23a5afdb2,Wed May 11 2016 20:41:53 GMT+0000 (UTC),Fri Jun 17 2016 17:17:42 GMT+0000 (UTC)
56a60f9f5bf617f23a5afdb2,Wed May 11 2016 22:07:37 GMT+0000 (UTC),Fri Jun 17 2016 17:17:42 GMT+0000 (UTC)
56a60f9f5bf617f23a5afdb2,Fri May 13 2016 19:31:15 GMT+0000 (UTC),Fri Jun 17 2016 17:17:42 GMT+0000 (UTC)
56a60f9f5bf617f23a5afdb2,Tue May 17 2016 21:55:10 GMT+0000 (UTC),Fri Jun 17 2016 17:17:42 GMT+0000 (UTC)
56a60fa05bf617f23a5afddd,Wed May 11 2016 21:08:30 GMT+0000 (UTC),Fri Jun 17 2016 14:58:40 GMT+0000 (UTC)
56a60fa05bf617f23a5afddd,Wed May 11 2016 21:59:28 GMT+0000 (UTC),Fri Jun 17 2016 14:58:40 GMT+0000 (UTC)
56a60fa05bf617f23a5afddd,Fri May 13 2016 19:29:05 GMT+0000 (UTC),Fri Jun 17 2016 14:58:40 GMT+0000 (UTC)
56a60fa05bf617f23a5afddd,Tue May 17 2016 21:56:33 GMT+0000 (UTC),Fri Jun 17 2016 14:58:40 GMT+0000 (UTC)
56a60fa15bf617f23a5afded,Wed May 11 2016 19:51:38 GMT+0000 (UTC),Fri Jun 17 2016 14:59:47 GMT+0000 (UTC)
56a60fa15bf617f23a5afded,Wed May 11 2016 22:00:47 GMT+0000 (UTC),Fri Jun 17 2016 14:59:47 GMT+0000 (UTC)
56a60fa15bf617f23a5afded,Fri May 13 2016 19:29:18 GMT+0000 (UTC),Fri Jun 17 2016 14:59:47 GMT+0000 (UTC)
56a60fa15bf617f23a5afded,Tue May 17 2016 21:56:57 GMT+0000 (UTC),Fri Jun 17 2016 14:59:47 GMT+0000 (UTC)
56a60fa15bf617f23a5afe03,Wed May 11 2016 19:48:56 GMT+0000 (UTC),Fri Jun 17 2016 14:57:34 GMT+0000 (UTC)
56a60fa15bf617f23a5afe03,Wed May 11 2016 19:59:15 GMT+0000 (UTC),Fri Jun 17 2016 14:57:34 GMT+0000 (UTC)
56a60fa15bf617f23a5afe03,Fri May 13 2016 19:30:13 GMT+0000 (UTC),Fri Jun 17 2016 14:57:34 GMT+0000 (UTC)
56a60fa15bf617f23a5afe03,Tue May 17 2016 21:58:05 GMT+0000 (UTC),Fri Jun 17 2016 14:57:34 GMT+0000 (UTC)
56d4097fdcaf35bb1bfd573a,Sat Jun 18 2016 17:22:34 GMT+0000 (UTC),Mon Jun 27 2016 22:57:10 GMT+0000 (UTC)
56d4097fdcaf35bb1bfd573a,Sat Jun 18 2016 17:24:43 GMT+0000 (UTC),Mon Jun 27 2016 22:57:10 GMT+0000 (UTC)
56d4097fdcaf35bb1bfd573a,Mon Jun 20 2016 14:57:39 GMT+0000 (UTC),Mon Jun 27 2016 22:57:10 GMT+0000 (UTC)
56d4097fdcaf35bb1bfd5748,Sat Jun 18 2016 17:27:37 GMT+0000 (UTC),Mon Jun 27 2016 22:59:56 GMT+0000 (UTC)
56d4097fdcaf35bb1bfd5748,Sat Jun 18 2016 17:27:37 GMT+0000 (UTC),Mon Jun 27 2016 22:59:56 GMT+0000 (UTC)
56d4097fdcaf35bb1bfd5748,Mon Jun 20 2016 14:58:25 GMT+0000 (UTC),Mon Jun 27 2016 22:59:56 GMT+0000 (UTC)
56d40982dcaf35bb1bfd5768,Sat Jun 18 2016 17:54:59 GMT+0000 (UTC),Wed Jun 29 2016 22:28:12 GMT+0000 (UTC)
56d40982dcaf35bb1bfd5768,Sat Jun 18 2016 17:54:59 GMT+0000 (UTC),Wed Jun 29 2016 22:28:12 GMT+0000 (UTC)
56d40982dcaf35bb1bfd5768,Mon Jun 20 2016 14:50:48 GMT+0000 (UTC),Wed Jun 29 2016 22:28:12 GMT+0000 (UTC)
56d40982dcaf35bb1bfd576a,Sat Jun 18 2016 17:55:51 GMT+0000 (UTC),Wed Jun 29 2016 22:28:37 GMT+0000 (UTC)
56d40982dcaf35bb1bfd576a,Sat Jun 18 2016 17:55:51 GMT+0000 (UTC),Wed Jun 29 2016 22:28:37 GMT+0000 (UTC)
56d40982dcaf35bb1bfd576a,Mon Jun 20 2016 14:51:45 GMT+0000 (UTC),Wed Jun 29 2016 22:28:37 GMT+0000 (UTC)
56d40983dcaf35bb1bfd5777,Sat Jun 18 2016 17:53:17 GMT+0000 (UTC),Wed Jun 29 2016 22:37:37 GMT+0000 (UTC)
56d40983dcaf35bb1bfd5777,Sat Jun 18 2016 17:53:31 GMT+0000 (UTC),Wed Jun 29 2016 22:37:37 GMT+0000 (UTC)
56d40983dcaf35bb1bfd5777,Mon Jun 20 2016 14:52:33 GMT+0000 (UTC),Wed Jun 29 2016 22:37:37 GMT+0000 (UTC)
56d40983dcaf35bb1bfd577e,Sat Jun 18 2016 18:00:14 GMT+0000 (UTC),Wed Jun 29 2016 22:38:41 GMT+0000 (UTC)
56d40983dcaf35bb1bfd577e,Sat Jun 18 2016 18:00:14 GMT+0000 (UTC),Wed Jun 29 2016 22:38:41 GMT+0000 (UTC)
56d40983dcaf35bb1bfd577e,Mon Jun 20 2016 14:53:26 GMT+0000 (UTC),Wed Jun 29 2016 22:38:41 GMT+0000 (UTC)
56d40c47dcaf35bb1bfd5f20,Thu Jun 02 2016 19:36:21 GMT+0000 (UTC),Wed Jun 08 2016 15:10:22 GMT+0000 (UTC)
56d40c47dcaf35bb1bfd5f20,Thu Jun 02 2016 19:36:21 GMT+0000 (UTC),Wed Jun 08 2016 15:10:22 GMT+0000 (UTC)
56d40c48dcaf35bb1bfd5f2a,Thu Jun 02 2016 19:27:45 GMT+0000 (UTC),Wed Jun 08 2016 15:11:06 GMT+0000 (UTC)
56d40c48dcaf35bb1bfd5f2a,Thu Jun 02 2016 19:28:13 GMT+0000 (UTC),Wed Jun 08 2016 15:11:06 GMT+0000 (UTC)
56d40c48dcaf35bb1bfd5f34,Thu Jun 02 2016 18:22:37 GMT+0000 (UTC),Wed Jun 08 2016 15:08:21 GMT+0000 (UTC)
56d40c48dcaf35bb1bfd5f34,Thu Jun 02 2016 18:27:35 GMT+0000 (UTC),Wed Jun 08 2016 15:08:21 GMT+0000 (UTC)
56d40c49dcaf35bb1bfd5f36,Thu Jun 02 2016 18:24:27 GMT+0000 (UTC),Wed Jun 08 2016 15:09:39 GMT+0000 (UTC)
56d40c49dcaf35bb1bfd5f36,Thu Jun 02 2016 18:28:09 GMT+0000 (UTC),Wed Jun 08 2016 15:09:39 GMT+0000 (UTC)
56d40c4ddcaf35bb1bfd5f6a,Thu Jun 02 2016 18:26:16 GMT+0000 (UTC),Wed Jun 08 2016 15:06:42 GMT+0000 (UTC)
56d40c4ddcaf35bb1bfd5f6a,Thu Jun 02 2016 18:26:16 GMT+0000 (UTC),Wed Jun 08 2016 15:06:42 GMT+0000 (UTC)
56d40c4ddcaf35bb1bfd5f6c,Thu Jun 02 2016 18:27:08 GMT+0000 (UTC),Wed Jun 08 2016 15:07:22 GMT+0000 (UTC)
56d40c4ddcaf35bb1bfd5f6c,Thu Jun 02 2016 18:27:08 GMT+0000 (UTC),Wed Jun 08 2016 15:07:22 GMT+0000 (UTC)
56d424f9dcaf35bb1bfdca0d,Fri Mar 25 2016 18:43:04 GMT+0000 (UTC),Mon May 23 2016 18:22:35 GMT+0000 (UTC)
56e1f4fc177ff081421ea580,Fri Mar 11 2016 01:50:33 GMT+0000 (UTC),Thu Jun 23 2016 20:14:30 GMT+0000 (UTC)
56f097a9e371e24768528158,Tue Mar 29 2016 18:09:58 GMT+0000 (UTC),Wed Jun 22 2016 20:34:32 GMT+0000 (UTC)
56f097a9e371e24768528158,Thu May 12 2016 17:42:55 GMT+0000 (UTC),Wed Jun 22 2016 20:34:32 GMT+0000 (UTC)
57279b5bc845a40061bb45ca,Fri May 13 2016 15:32:40 GMT+0000 (UTC),Fri May 13 2016 15:32:40 GMT+0000 (UTC)
573103ebff6eb1b212982b86,Wed May 11 2016 14:11:03 GMT+0000 (UTC),Wed Jun 22 2016 23:49:52 GMT+0000 (UTC)
573103ebff6eb1b212982b86,Wed May 11 2016 14:11:03 GMT+0000 (UTC),Wed Jun 22 2016 23:49:52 GMT+0000 (UTC)
573103ebff6eb1b212982b86,Mon May 16 2016 14:58:32 GMT+0000 (UTC),Wed Jun 22 2016 23:49:52 GMT+0000 (UTC)
5731073fff6eb1b2129837a9,Wed May 11 2016 14:12:15 GMT+0000 (UTC),Wed Jun 22 2016 23:00:15 GMT+0000 (UTC)
5731073fff6eb1b2129837a9,Wed May 11 2016 14:12:15 GMT+0000 (UTC),Wed Jun 22 2016 23:00:15 GMT+0000 (UTC)
5731073fff6eb1b2129837a9,Mon May 16 2016 14:57:52 GMT+0000 (UTC),Wed Jun 22 2016 23:00:15 GMT+0000 (UTC)
573107d1ff6eb1b2129837c4,Wed May 11 2016 14:12:26 GMT+0000 (UTC),Wed Jun 22 2016 23:02:00 GMT+0000 (UTC)
573107d1ff6eb1b2129837c4,Wed May 11 2016 14:12:26 GMT+0000 (UTC),Wed Jun 22 2016 23:02:00 GMT+0000 (UTC)
573107d1ff6eb1b2129837c4,Mon May 16 2016 14:58:00 GMT+0000 (UTC),Wed Jun 22 2016 23:02:00 GMT+0000 (UTC)
573231f0b6aa577e495eaf99,Wed May 11 2016 14:11:14 GMT+0000 (UTC),Wed Jun 22 2016 23:50:13 GMT+0000 (UTC)
573231f0b6aa577e495eaf99,Wed May 11 2016 14:11:14 GMT+0000 (UTC),Wed Jun 22 2016 23:50:13 GMT+0000 (UTC)
573231f0b6aa577e495eaf99,Mon May 16 2016 14:58:58 GMT+0000 (UTC),Wed Jun 22 2016 23:50:13 GMT+0000 (UTC)
573235ceb6aa577e495ebf88,Wed May 11 2016 14:12:40 GMT+0000 (UTC),Wed Jun 22 2016 23:05:00 GMT+0000 (UTC)
573235ceb6aa577e495ebf88,Wed May 11 2016 14:12:40 GMT+0000 (UTC),Wed Jun 22 2016 23:05:00 GMT+0000 (UTC)
573235ceb6aa577e495ebf88,Mon May 16 2016 14:58:09 GMT+0000 (UTC),Wed Jun 22 2016 23:05:00 GMT+0000 (UTC)
573239fab6aa577e495ec99d,Wed May 11 2016 14:13:42 GMT+0000 (UTC),Wed Jun 22 2016 23:50:25 GMT+0000 (UTC)
573239fab6aa577e495ec99d,Wed May 11 2016 14:13:42 GMT+0000 (UTC),Wed Jun 22 2016 23:50:25 GMT+0000 (UTC)
573239fab6aa577e495ec99d,Mon May 16 2016 14:57:06 GMT+0000 (UTC),Wed Jun 22 2016 23:50:25 GMT+0000 (UTC)
573239fdb6aa577e495ec9af,Wed May 11 2016 14:14:29 GMT+0000 (UTC),Wed Jun 22 2016 23:50:41 GMT+0000 (UTC)
573239fdb6aa577e495ec9af,Wed May 11 2016 14:14:29 GMT+0000 (UTC),Wed Jun 22 2016 23:50:41 GMT+0000 (UTC)
573239fdb6aa577e495ec9af,Mon May 16 2016 14:57:36 GMT+0000 (UTC),Wed Jun 22 2016 23:50:41 GMT+0000 (UTC)
57325422b6aa577e495f0474,Wed May 11 2016 14:20:32 GMT+0000 (UTC),Wed Jun 22 2016 22:34:00 GMT+0000 (UTC)
57325422b6aa577e495f0474,Mon May 16 2016 14:56:06 GMT+0000 (UTC),Wed Jun 22 2016 22:34:00 GMT+0000 (UTC)
57325452b6aa577e495f04dd,Wed May 11 2016 14:20:47 GMT+0000 (UTC),Wed Jun 22 2016 22:34:14 GMT+0000 (UTC)
57325452b6aa577e495f04dd,Mon May 16 2016 14:56:15 GMT+0000 (UTC),Wed Jun 22 2016 22:34:14 GMT+0000 (UTC)
57325605b6aa577e495f0621,Wed May 11 2016 14:21:01 GMT+0000 (UTC),Wed Jun 22 2016 22:34:40 GMT+0000 (UTC)
57325605b6aa577e495f0621,Mon May 16 2016 14:56:22 GMT+0000 (UTC),Wed Jun 22 2016 22:34:40 GMT+0000 (UTC)
57325712b6aa577e495f07de,Wed May 11 2016 14:21:16 GMT+0000 (UTC),Wed Jun 22 2016 22:35:14 GMT+0000 (UTC)
57325712b6aa577e495f07de,Mon May 16 2016 14:56:31 GMT+0000 (UTC),Wed Jun 22 2016 22:35:14 GMT+0000 (UTC)
5732583bb6aa577e495f1aa9,Wed May 11 2016 14:21:42 GMT+0000 (UTC),Wed Jun 22 2016 22:35:43 GMT+0000 (UTC)
5732583bb6aa577e495f1aa9,Mon May 16 2016 14:56:39 GMT+0000 (UTC),Wed Jun 22 2016 22:35:43 GMT+0000 (UTC)
57339381daeecc070c4e088a,Wed May 11 2016 20:18:59 GMT+0000 (UTC),Fri Jun 17 2016 17:18:24 GMT+0000 (UTC)
57339381daeecc070c4e088a,Wed May 11 2016 22:13:28 GMT+0000 (UTC),Fri Jun 17 2016 17:18:24 GMT+0000 (UTC)
57339381daeecc070c4e088a,Tue May 24 2016 14:34:21 GMT+0000 (UTC),Fri Jun 17 2016 17:18:24 GMT+0000 (UTC)
573393bfdaeecc070c4e08b2,Wed May 11 2016 20:20:03 GMT+0000 (UTC),Fri Jun 17 2016 17:18:31 GMT+0000 (UTC)
573393bfdaeecc070c4e08b2,Wed May 11 2016 22:14:15 GMT+0000 (UTC),Fri Jun 17 2016 17:18:31 GMT+0000 (UTC)
573393bfdaeecc070c4e08b2,Tue May 24 2016 14:34:32 GMT+0000 (UTC),Fri Jun 17 2016 17:18:31 GMT+0000 (UTC)
573394e9daeecc070c4e1364,Wed May 11 2016 20:24:54 GMT+0000 (UTC),Fri Jun 17 2016 17:18:37 GMT+0000 (UTC)
573394e9daeecc070c4e1364,Wed May 11 2016 22:15:11 GMT+0000 (UTC),Fri Jun 17 2016 17:18:37 GMT+0000 (UTC)
573394e9daeecc070c4e1364,Tue May 24 2016 14:34:42 GMT+0000 (UTC),Fri Jun 17 2016 17:18:37 GMT+0000 (UTC)
57339922daeecc070c4e1f07,Wed May 11 2016 20:43:09 GMT+0000 (UTC),Fri Jun 17 2016 17:17:48 GMT+0000 (UTC)
57339922daeecc070c4e1f07,Wed May 11 2016 22:08:36 GMT+0000 (UTC),Fri Jun 17 2016 17:17:48 GMT+0000 (UTC)
57339922daeecc070c4e1f07,Tue May 24 2016 14:35:08 GMT+0000 (UTC),Fri Jun 17 2016 17:17:48 GMT+0000 (UTC)
57339968daeecc070c4e1f3c,Wed May 11 2016 20:44:03 GMT+0000 (UTC),Fri Jun 17 2016 17:17:54 GMT+0000 (UTC)
57339968daeecc070c4e1f3c,Wed May 11 2016 22:09:38 GMT+0000 (UTC),Fri Jun 17 2016 17:17:54 GMT+0000 (UTC)
57339968daeecc070c4e1f3c,Tue May 24 2016 14:35:20 GMT+0000 (UTC),Fri Jun 17 2016 17:17:54 GMT+0000 (UTC)
573ca505e8446bf861e58983,Wed May 18 2016 17:30:53 GMT+0000 (UTC),Tue Jun 07 2016 23:32:23 GMT+0000 (UTC)
573ca505e8446bf861e58983,Wed May 18 2016 17:30:53 GMT+0000 (UTC),Tue Jun 07 2016 23:32:23 GMT+0000 (UTC)
5744bbb689445c2c49471d6f,Tue May 24 2016 20:42:52 GMT+0000 (UTC),Thu Jun 09 2016 15:33:09 GMT+0000 (UTC)
5744bbb689445c2c49471d6f,Tue May 24 2016 21:04:33 GMT+0000 (UTC),Thu Jun 09 2016 15:33:09 GMT+0000 (UTC)
575ee1db17a18204032ba403,Mon Jun 13 2016 16:44:21 GMT+0000 (UTC),Thu Jun 23 2016 14:24:27 GMT+0000 (UTC)
575ee1db17a18204032ba403,Mon Jun 13 2016 16:44:21 GMT+0000 (UTC),Thu Jun 23 2016 14:24:27 GMT+0000 (UTC)
576037bf17a18204032c7d78,Tue Jun 14 2016 17:09:04 GMT+0000 (UTC),Mon Jun 27 2016 18:33:33 GMT+0000 (UTC)
576037bf17a18204032c7d78,Tue Jun 14 2016 17:09:04 GMT+0000 (UTC),Mon Jun 27 2016 18:33:33 GMT+0000 (UTC)
57658c0e17a18204032e3c43,Sat Jun 18 2016 18:01:18 GMT+0000 (UTC),Wed Jun 29 2016 22:39:01 GMT+0000 (UTC)
57658c0e17a18204032e3c43,Sat Jun 18 2016 18:01:18 GMT+0000 (UTC),Wed Jun 29 2016 22:39:01 GMT+0000 (UTC)
57658c0e17a18204032e3c43,Mon Jun 20 2016 14:54:39 GMT+0000 (UTC),Wed Jun 29 2016 22:39:01 GMT+0000 (UTC)
57658d4017a18204032e3cac,Sat Jun 18 2016 18:06:32 GMT+0000 (UTC),Wed Jun 29 2016 22:43:02 GMT+0000 (UTC)
57658d4017a18204032e3cac,Sat Jun 18 2016 18:06:32 GMT+0000 (UTC),Wed Jun 29 2016 22:43:02 GMT+0000 (UTC)
57658d4017a18204032e3cac,Mon Jun 20 2016 14:47:30 GMT+0000 (UTC),Wed Jun 29 2016 22:43:02 GMT+0000 (UTC)